Nombre de tokens,Durée totale de réponse,Temps pour recevoir le premier token
512,1.6937170028686523,0.735102653503418
1k,1.6076836585998535,0.6163537502288818
2k,1.9830982685089111,0.9894940853118896
4k,2.883195400238037,1.8351821899414062
16k,15.64140009880066,14.228534936904907
