Nombre de tokens,Durée totale de réponse,Temps pour recevoir le premier token
512,7.352219820022583,4.167484998703003
1k,8.458290815353394,5.118545770645142
2k,10.770883083343506,9.229159116744995
4k,21.240272998809814,17.720391988754272
16k,84.55838799476624,80.14734220504761
32k,200.23269724845886,194.50749611854553
48k,330.93478083610535,323.45891189575195
64k,539.1969730854034,528.9091939926147
96k,1004.7418742179871,988.9348502159119
128k,1618.261785030365,1596.6880650520325
