Nombre de tokens,Durée totale de réponse,Temps pour recevoir le premier token
512,10.870548009872437,7.678595066070557
1k,14.353862285614014,11.02108907699585
2k,18.8203387260437,15.36103081703186
4k,28.051227807998657,24.48781108856201
16K,119.52347588539124,114.98162889480591
32k,163.91058492660522,157.68262887001038
48K,184.8067820072174,176.75227403640747
64k,298.0472786426544,287.44445991516113
96,691.7808759212494,675.5598430633545
128k,919.0368237495422,896.9362037181854
