Nombre de tokens,Durée totale de réponse,Temps pour recevoir le premier token
512,7.527488946914673,4.257323265075684
1k,8.684281349182129,5.328161239624023
2k,11.459436416625977,9.921594619750977
4k,21.553174018859863,17.967761993408203
16k,85.40586996078491,80.95715498924255
32k,200.79648351669312,195.03860998153687
