Nombre de tokens,Durée totale de réponse,Temps pour recevoir le premier token
512,1.6403520107269287,0.7083907127380371
1k,1.47776198387146,0.47705793380737305
2k,1.8820850849151611,0.9045181274414062
4k,2.8502070903778076,1.771312952041626
16k,15.948562145233154,14.545536041259766
32k,35.457053899765015,33.52342200279236
48k,46.98601579666138,44.578941822052
64k,79.58073997497559,76.57984209060669
96k,196.44370794296265,192.01072597503662
128k,274.47773694992065,268.76266407966614
