Nombre de tokens,Durée totale de réponse,Temps pour recevoir le premier token
512,3.537086009979248,1.6092510223388672
1k,3.398097038269043,1.383378028869629
2k,6.06862735748291,4.004171133041382
4k,12.592698335647583,10.397461414337158
16k,56.420307874679565,53.43096709251404
32k,155.1152160167694,151.07493209838867
48k,118.78056502342224,113.47861099243164
64k,195.23549485206604,187.68542909622192
96k,457.7218129634857,445.83237314224243
